N,method,runtime_sec
50,SG-TM,0.02204589499888243
50,ASD-TM,0.017386216997692827
100,SG-TM,0.35437859000376193
100,ASD-TM,0.04936161099612946
200,SG-TM,7.2662399059991
200,ASD-TM,0.19707961499807425
400,SG-TM,88.67953912499797
400,ASD-TM,0.5942143369975383
800,SG-TM,1342.963842833
800,ASD-TM,2.408085918999859
1000,SG-TM,3627.844488214003
1000,ASD-TM,3.7493343199967057
